{
  "mean": [
    0.04369267495710398,
    -0.02304221340609089,
    1.7460306711747104,
    -0.061081134851980266,
    -0.04913071230221616,
    1.7538906259558533,
    0.05230435703761537,
    -0.01417395502497009,
    1.7489793164187577,
    -0.06684488670058177,
    -0.036225077367186255,
    1.7557321583394443
  ],
  "scale": [
    0.33477971300642917,
    0.29024414130702386,
    1.621645192789157,
    0.3325126073190123,
    0.27664123672083224,
    1.629199041212865,
    0.332207725020132,
    0.273046048803511,
    1.6236192854060263,
    0.32986942212553966,
    0.26108207894052005,
    1.6303848896568247
  ]
}