{
  "mean": [
    -9.275151074854427e-14,
    1.0813973590117725e-13,
    -2.8983702113351185e-13,
    1.1898146686263e-13,
    -4.486152789044305e-14,
    -2.8470606999213024e-16,
    2.0538465443133023e-14,
    -1.474842906940559e-13,
    -8.939815041807515e-14,
    -9.451565175143424e-14,
    -2.9352172942549945e-14,
    4.055810721260397e-13
  ],
  "scale": [
    1.0000000000007825,
    0.9999999999986711,
    1.000000000000384,
    0.9999999999998296,
    1.0000000000000977,
    1.0000000000020308,
    0.9999999999972407,
    1.0000000000027878,
    0.9999999999996524,
    1.0000000000003928,
    1.0000000000008653,
    0.9999999999988899
  ]
}